cluster_id,pv_mw,pv_ratio,bess_mwh,bess_hours,q_night_mvar,q_ratio,capex_musd,npv_musd,irr_percent,payback_years,bc_ratio,lcoe_usd_mwh,avg_pv_flow_musd,avg_network_flow_musd,avg_total_flow_musd,loss_reduction_musd,voltage_support_musd,deferral_musd,network_benefit_ratio
4,14.324000000000002,0.5,0.0,0,0.0,0.0,13.178080000000001,10.652956864279208,17.979026808433396,7,1.808384595045652,46.877815710445255,2.9846935904347656,0.2872916696121728,3.0810937431491316,701.5015122585849,1.1666666666666667,0.2877339720525435,0.09324340431087859
4,14.324000000000002,0.5,0.0,0,1.4324000000000003,0.1,13.197847120000002,10.70611574546682,18.007135284187886,7,1.8112016791922663,46.94120587377783,2.9846935904347656,0.29598851480837196,3.089790588345331,701.5015122585849,1.6730707070707074,0.2877339720525435,0.09579565551297833
4,14.324000000000002,0.5,0.0,0,2.8648000000000007,0.2,13.217614240000001,10.759274626654431,18.03516287135721,7,1.8140103373643646,47.0045960371104,2.9846935904347656,0.30468536000457114,3.09848743354153,701.5015122585849,2.1794747474747482,0.2877339720525435,0.09833357938015577
4,14.324000000000002,0.5,0.0,0,4.2972,0.3,13.237381360000002,10.81243350784204,18.06310992383912,7,1.81681060730897,47.06798620044298,2.9846935904347656,0.31338220520077037,3.1071842787377295,701.5015122585849,2.6858787878787886,0.2877339720525435,0.10085729621677912
4,14.324000000000002,0.5,28.648000000000003,1,0.0,0.0,20.178935000000003,2.831262902046805,11.513517421271667,10,1.1403078458821936,52.148738343735786,3.026879689555136,0.2872916696121728,2.971163164741563,701.5015122585849,1.1666666666666667,0.3542931937231954,0.0966933331098839
4,14.324000000000002,0.5,28.648000000000003,1,1.4324000000000003,0.1,20.198702120000004,2.884421783234416,11.540125745603833,10,1.1428023328478303,52.19401703183049,3.026879689555136,0.29598851480837196,2.9798600099377617,701.5015122585849,1.6730707070707074,0.3542931937231954,0.09932967113262278
4,14.324000000000002,0.5,28.648000000000003,1,2.8648000000000007,0.2,20.218469240000005,2.937580664422026,11.566672671766261,10,1.1452919422114483,52.239295719925174,3.026879689555136,0.30468536000457114,2.988556855133961,701.5015122585849,2.1794747474747482,0.3542931937231954,0.10195066541269256
4,14.324000000000002,0.5,28.648000000000003,1,4.2972,0.3,20.238236360000002,2.9907395456096406,11.593158458150985,10,1.147776688265224,52.284574408019864,3.026879689555136,0.31338220520077037,2.9972537003301603,701.5015122585849,2.6858787878787886,0.3542931937231954,0.10455644951451723
4,14.324000000000002,0.5,57.29600000000001,2,0.0,0.0,27.179790000000004,-5.308358488020525,7.725795935897785,13,0.8046946467202093,70.8133226085821,3.0279260374747854,0.2872916696121728,2.820092835133273,701.5015122585849,1.1666666666666667,0.39311297388738486,0.10187312489611564
4,14.324000000000002,0.5,57.29600000000001,2,1.4324000000000003,0.1,27.199557120000005,-5.255199606832913,7.750986466454702,13,0.8067909862043771,70.8586012966768,3.0279260374747854,0.29598851480837196,2.828789680329472,701.5015122585849,1.6730707070707074,0.39311297388738486,0.10463433067031618
4,14.324000000000002,0.5,57.29600000000001,2,2.8648000000000007,0.2,27.219324240000006,-5.202040725645303,7.7761209570856344,13,0.8088842808962659,70.90387998477149,3.0279260374747854,0.30468536000457114,2.8374865255256716,701.5015122585849,2.1794747474747482,0.39311297388738486,0.10737861035238759
4,14.324000000000002,0.5,57.29600000000001,2,4.2972,0.3,27.239091360000003,-5.148881844457689,7.801199667401279,13,0.810974537424596,70.94915867286618,3.0279260374747854,0.31338220520077037,2.84618337072187,701.5015122585849,2.6858787878787886,0.39311297388738486,0.11010611910127492
4,14.324000000000002,0.5,85.94400000000002,3,0.0,0.0,34.180645000000005,-13.447979878087855,5.109136329011608,16,0.6065615532390377,89.47790687342842,3.0289723853944355,0.2872916696121728,2.6690225055249828,701.5015122585849,1.1666666666666667,0.41702006761051347,0.10763928330220805
4,14.324000000000002,0.5,85.94400000000002,3,1.4324000000000003,0.1,34.20041212000001,-13.394820996900249,5.133499185131772,16,0.6083432869200103,89.52318556152314,3.0289723853944355,0.29598851480837196,2.677719350721182,701.5015122585849,1.6730707070707074,0.41702006761051347,0.11053754185577898
4,14.324000000000002,0.5,85.94400000000002,3,2.8648000000000007,0.2,34.22017924000001,-13.341662115712635,5.157806310878417,16,0.6101229621814035,89.56846424961782,3.0289723853944355,0.30468536000457114,2.686416195917381,701.5015122585849,2.1794747474747482,0.41702006761051347,0.11341703510707302
4,14.324000000000002,0.5,85.94400000000002,3,4.2972,0.3,34.239946360000005,-13.288503234525022,5.1820579899062995,16,0.6119005825882661,89.6137429377125,3.0289723853944355,0.31338220520077037,2.6951130411135806,701.5015122585849,2.6858787878787886,0.41702006761051347,0.116277944717037
4,14.324000000000002,0.5,114.59200000000001,4,0.0,0.0,41.18150000000001,-21.587601268155186,3.0986359789031424,19,0.4757937115414644,108.14249113827474,3.0300187333140847,0.2872916696121728,2.5179521759166925,701.5015122585849,1.1666666666666667,0.43241145476086107,0.11409734956843673
4,14.324000000000002,0.5,114.59200000000001,4,1.4324000000000003,0.1,41.201267120000004,-21.53444238696757,3.122649976387725,19,0.47733543426594577,108.18776982636942,3.0300187333140847,0.29598851480837196,2.526649021112892,701.5015122585849,1.6730707070707074,0.43241145476086107,0.11714666830852524
4,14.324000000000002,0.5,114.59200000000001,4,2.8648000000000007,0.2,41.22103424000001,-21.481283505779963,3.1466059635936445,19,0.4788756783561004,108.23304851446413,3.0300187333140847,0.30468536000457114,2.535345866309091,701.5015122585849,2.1794747474747482,0.43241145476086107,0.12017506725744144
4,14.324000000000002,0.5,114.59200000000001,4,4.2972,0.3,41.240801360000006,-21.42812462459235,3.170504261906118,19,0.48041444593810034,108.27832720255881,3.0300187333140847,0.31338220520077037,2.5440427115052904,701.5015122585849,2.6858787878787886,0.43241145476086107,0.12318276095897168
4,21.486000000000004,0.75,0.0,0,0.0,0.0,19.767120000000002,15.971659557969495,17.97549048007187,7,1.8079912277544472,46.87781571044526,4.4760095714609,0.4309375044182592,4.620609800532449,940.6497550740116,1.1666666666666667,0.3478637367331226,0.09326420602938616
4,21.486000000000004,0.75,0.0,0,2.1486000000000005,0.1,19.796770680000005,16.051397879750912,18.00360486613333,7,1.8108089010682478,46.94120587377783,4.4760095714609,0.44398277221255794,4.633655068326748,940.6497550740116,1.9262727272727276,0.3478637367331226,0.09581696644780335
4,21.486000000000004,0.75,0.0,0,4.297200000000001,0.2,19.826421360000005,16.101550040751757,18.018225885927762,7,1.8121258873896826,47.0045960371104,4.4760095714609,0.45310586147732423,4.642778157591514,940.6497550740116,2.6858787878787886,0.3478637367331226,0.09759369198729437
4,21.486000000000004,0.75,0.0,0,6.445800000000001,0.3,19.856072040000008,16.13690912136231,18.026110457603263,7,1.812693925004631,47.06798620044298,4.4760095714609,0.46026786147732424,4.649940157591514,940.6497550740116,3.2666666666666675,0.3478637367331226,0.09898360965482292
4,21.486000000000004,0.75,28.648000000000003,1,0.0,0.0,26.767975000000003,8.308929309654559,13.254126557566273,9,1.3104055988416965,45.92721025545368,4.538765546181631,0.4309375044182592,4.53124909772524,940.6497550740116,1.1666666666666667,0.3892566278834718,0.09510346818818606
4,21.486000000000004,0.75,28.648000000000003,1,2.1486000000000005,0.1,26.797625680000003,8.388667631435975,13.281300504161155,9,1.3130377195206784,45.97248894354837,4.538765546181631,0.44398277221255794,4.54429436551954,940.6497550740116,1.9262727272727276,0.3892566278834718,0.09770114708706779
4,21.486000000000004,0.75,28.648000000000003,1,4.297200000000001,0.2,26.827276360000003,8.43881979243682,13.297473049245797,9,1.3145611831478825,46.01776763164307,4.538765546181631,0.45310586147732423,4.553417454784306,940.6497550740116,2.6858787878787886,0.3892566278834718,0.09950896573325227
4,21.486000000000004,0.75,28.648000000000003,1,6.445800000000001,0.3,26.856927040000006,8.474178873047379,13.308149603651545,9,1.3155304722847165,46.063046319737765,4.538765546181631,0.46026786147732424,4.560579454784306,940.6497550740116,3.2666666666666675,0.3892566278834718,0.10092310989001128
4,21.486000000000004,0.75,57.29600000000001,2,0.0,0.0,33.76883000000001,0.16930791958722646,10.055564270369004,11,1.0050137336587386,58.37026643201789,4.53981189410128,0.4309375044182592,4.380178768116951,940.6497550740116,1.1666666666666667,0.4145910789012817,0.09838354259762787
4,21.486000000000004,0.75,57.29600000000001,2,2.1486000000000005,0.1,33.798480680000004,0.2490462413686438,10.08164084632384,11,1.0073685632122515,58.41554512011259,4.53981189410128,0.44398277221255794,4.39322403591125,940.6497550740116,1.9262727272727276,0.4145910789012817,0.10106080832284856
4,21.486000000000004,0.75,57.29600000000001,2,4.297200000000001,0.2,33.82813136000001,0.29919840236948897,10.097991209548725,11,1.0088446624256426,58.46082380820728,4.53981189410128,0.45310586147732423,4.402347125176015,940.6497550740116,2.6858787878787886,0.4145910789012817,0.1029237015150658
4,21.486000000000004,0.75,57.29600000000001,2,6.445800000000001,0.3,33.857782040000004,0.334557482980047,10.10948244188285,11,1.0098812580985015,58.50610249630198,4.53981189410128,0.46026786147732424,4.409509125176015,940.6497550740116,3.2666666666666675,0.4145910789012817,0.1043807481539006
4,21.486000000000004,0.75,85.94400000000002,3,0.0,0.0,40.76968500000001,-7.970313470480104,7.7234412344836745,13,0.8045039231850798,70.8133226085821,4.5408582420209305,0.4309375044182592,4.229108438508661,940.6497550740116,1.1666666666666667,0.43081848256694216,0.10189795572378929
4,21.486000000000004,0.75,85.94400000000002,3,2.1486000000000005,0.1,40.79933568000001,-7.890575148698694,7.748636023833077,13,0.8066004012764677,70.8586012966768,4.5408582420209305,0.44398277221255794,4.242153706302959,940.6497550740116,1.9262727272727276,0.43081848256694216,0.10465975609344182
4,21.486000000000004,0.75,85.94400000000002,3,4.297200000000001,0.2,40.82898636000001,-7.840422987697842,7.764844829393352,13,0.8079691981925108,70.90387998477148,4.5408582420209305,0.45310586147732423,4.251276795567726,940.6497550740116,2.6858787878787886,0.43081848256694216,0.1065811245105755
4,21.486000000000004,0.75,85.94400000000002,3,6.445800000000001,0.3,40.858637040000005,-7.805063907087282,7.776564827229179,13,0.8089739533052402,70.94915867286618,4.5408582420209305,0.46026786147732424,4.258438795567725,940.6497550740116,3.2666666666666675,0.43081848256694216,0.10808370944684724
4,21.486000000000004,0.75,114.59200000000001,4,0.0,0.0,47.770540000000004,-16.10993486054743,5.893726124940919,15,0.6627642295743899,83.25637878514631,4.5419045899405805,0.4309375044182592,4.078038108900371,940.6497550740116,1.1666666666666667,0.4416123198148617,0.10567275069787417
4,21.486000000000004,0.75,114.59200000000001,4,2.1486000000000005,0.1,47.800190680000014,-16.030196538766024,5.918309183500964,15,0.6646415775602086,83.30165747324102,4.5419045899405805,0.44398277221255794,4.09108337669467,940.6497550740116,1.9262727272727276,0.4416123198148617,0.10852449860634893
4,21.486000000000004,0.75,114.59200000000001,4,4.297200000000001,0.2,47.82984136000001,-15.98004437776517,5.934357133701653,15,0.6658980267676731,83.34693616133569,4.5419045899405805,0.45310586147732423,4.1002064659594355,940.6497550740116,2.6858787878787886,0.4416123198148617,0.11050805983529877
4,21.486000000000004,0.75,114.59200000000001,4,6.445800000000001,0.3,47.859492040000006,-15.944685297154612,5.946142151337319,15,0.6668438251741502,83.39221484943039,4.5419045899405805,0.46026786147732424,4.107368465959436,940.6497550740116,3.2666666666666675,0.4416123198148617,0.11205906294793806
4,28.648000000000003,1.0,0.0,0,0.0,0.0,26.356160000000003,21.05367296541521,17.892930780899526,7,1.7988141279084362,46.877815710445255,5.967325552487035,0.5432059109880853,6.128748429679507,1105.3963223468609,1.1666666666666667,0.3851576515855051,0.0886324373109391
4,28.648000000000003,1.0,0.0,0,2.8648000000000007,0.1,26.395694240000005,21.100818406229283,17.901002540557503,7,1.7994038048165115,46.94120587377783,5.967325552487035,0.5527552443214185,6.138297763012839,1105.3963223468609,2.1794747474747482,0.3851576515855051,0.09005024937892743
4,28.648000000000003,1.0,0.0,0,5.729600000000001,0.2,26.435228480000003,21.147963847043364,17.909053728958423,7,1.7999917179850817,47.0045960371104,5.967325552487035,0.562304577654752,6.147847096346173,1105.3963223468609,3.1922828282828295,0.3851576515855051,0.09146365692616922
4,28.648000000000003,1.0,0.0,0,8.5944,0.3,26.474762720000005,21.19510928785744,17.91708442203965,7,1.800577875315418,47.06798620044298,5.967325552487035,0.5718539109880854,6.157396429679507,1105.3963223468609,3.2666666666666675,0.3851576515855051,0.09287268044520733
4,28.648000000000003,1.0,28.648000000000003,1,0.0,0.0,33.357015000000004,13.549906431017735,14.200002522380888,8,1.4062086020292204,42.81644621131263,6.050651402808126,0.5432059109880853,6.059957602472659,1105.3963223468609,1.1666666666666667,0.4120236746790128,0.08963856624449645
4,28.648000000000003,1.0,28.648000000000003,1,2.8648000000000007,0.1,33.396549240000006,13.59705187183181,14.210400753585567,8,1.4071394255172396,42.86172489940733,6.050651402808126,0.5527552443214185,6.069506935805992,1105.3963223468609,2.1794747474747482,0.4120236746790128,0.09107086459701298
4,28.648000000000003,1.0,28.648000000000003,1,5.729600000000001,0.2,33.43608348,13.644197312645892,14.220777805043044,8,1.4080680478264522,42.90700358750202,6.050651402808126,0.562304577654752,6.0790562691393255,1105.3963223468609,3.1922828282828295,0.4120236746790128,0.09249866307527421
4,28.648000000000003,1.0,28.648000000000003,1,8.5944,0.3,33.47561772000001,13.691342753459967,14.231133738594496,8,1.4089944767555425,42.95228227559671,6.050651402808126,0.5718539109880854,6.08860560247266,1105.3963223468609,3.2666666666666675,0.4120236746790128,0.09392198285200938
4,28.648000000000003,1.0,57.29600000000001,2,0.0,0.0,40.357870000000005,5.410285040950402,11.447955394782165,10,1.134057744894624,52.148738343735786,6.051697750727777,0.5432059109880853,5.908887272864368,1105.3963223468609,1.1666666666666667,0.4291425568810728,0.09193032222541672
4,28.648000000000003,1.0,57.29600000000001,2,2.8648000000000007,0.1,40.39740424000001,5.457430481764477,11.459294104455156,10,1.135093592878939,52.19401703183049,6.051697750727777,0.5527552443214185,5.918436606197702,1105.3963223468609,2.1794747474747482,0.4291425568810728,0.0933954828108797
4,28.648000000000003,1.0,57.29600000000001,2,5.729600000000001,0.2,40.43693848000001,5.504575922578557,11.470612917390035,10,1.1361274154150198,52.239295719925174,6.051697750727777,0.562304577654752,5.927985939531036,1105.3963223468609,3.1922828282828295,0.4291425568810728,0.09485592297124039
4,28.648000000000003,1.0,57.29600000000001,2,8.5944,0.3,40.476472720000004,5.551721363392639,11.481911884546463,10,1.137159218437763,52.284574408019864,6.051697750727777,0.5718539109880854,5.937535272864369,1105.3963223468609,3.2666666666666675,0.4291425568810728,0.0963116654820668
4,28.648000000000003,1.0,85.94400000000002,3,0.0,0.0,47.35872500000001,-2.7293363491169265,9.352166386258892,11,0.9423688803041693,61.48103047615894,6.052744098647425,0.5432059109880853,5.7578169432560795,1105.3963223468609,1.1666666666666667,0.4404798056287966,0.0943423377890335
4,28.648000000000003,1.0,85.94400000000002,3,2.8648000000000007,0.1,47.39825924000001,-2.682190908302852,9.363863206449462,11,0.9434116157152178,61.52630916425364,6.052744098647425,0.5527552443214185,5.767366276589411,1105.3963223468609,2.1794747474747482,0.4404798056287966,0.09584188307323804
4,28.648000000000003,1.0,85.94400000000002,3,5.729600000000001,0.2,47.43779348000001,-2.635045467488776,9.375541424539138,11,0.9444526131132192,61.57158785234834,6.052744098647425,0.562304577654752,5.776915609922745,1105.3963223468609,3.1922828282828295,0.4404798056287966,0.09733647081305931
4,28.648000000000003,1.0,85.94400000000002,3,8.5944,0.3,47.477327720000005,-2.5879000266746908,9.387201085397773,11,0.9454918768398896,61.61686654044303,6.052744098647425,0.5718539109880854,5.786464943256079,1105.3963223468609,3.2666666666666675,0.4404798056287966,0.09882612555262447
4,28.648000000000003,1.0,114.59200000000001,4,0.0,0.0,54.35958000000001,-10.868957739184255,7.668419698070715,13,0.800054420229438,70.8133226085821,6.053790446567075,0.5432059109880853,5.606746613647789,1105.3963223468609,1.1666666666666667,0.4482359723489659,0.0968843338962079
4,28.648000000000003,1.0,114.59200000000001,4,2.8648000000000007,0.1,54.39911424000001,-10.821812298370183,7.680252738798956,13,0.8010663877609089,70.8586012966768,6.053790446567075,0.5527552443214185,5.616295946981123,1105.3963223468609,2.1794747474747482,0.4482359723489659,0.09841989267295222
4,28.648000000000003,1.0,114.59200000000001,4,5.729600000000001,0.2,54.43864848000001,-10.774666857556102,7.692068120626387,13,0.8020768854775194,70.90387998477149,6.053790446567075,0.562304577654752,5.625845280314457,1105.3963223468609,3.1922828282828295,0.4482359723489659,0.09995023852190298
4,28.648000000000003,1.0,114.59200000000001,4,8.5944,0.3,54.47818272000001,-10.72752141674202,7.703865885451225,13,0.8030859165791568,70.94915867286618,6.053790446567075,0.5718539109880854,5.635394613647788,1105.3963223468609,3.2666666666666675,0.4482359723489659,0.10147539794341474
4,35.81,1.25,0.0,0,0.0,0.0,32.9452,25.679104766506118,17.71683553821909,7,1.7794490477066802,58.59726963805656,7.407216844512267,0.6476299604988464,7.577618012766597,1195.7412140771332,1.1666666666666667,0.4093082224413585,0.08546616620258955
4,35.81,1.25,0.0,0,3.5810000000000004,0.1,32.9946178,25.738036567523714,17.72514277284511,7,1.7800677287288873,58.67650734222228,7.407216844512267,0.659566627165513,7.589554679433265,1195.7412140771332,2.4326767676767678,0.4093082224413585,0.0869045227321249
4,35.81,1.25,0.0,0,7.162000000000001,0.2,33.0440356,25.79696836854131,17.73342883857531,7,1.7806845592595024,58.75574504638799,7.407216844512267,0.6715032938321798,7.601491346099931,1195.7412140771332,3.2666666666666675,0.4093082224413585,0.08833836194218724
4,35.81,1.25,0.0,0,10.743,0.3,33.0934534,25.85590016955891,17.741693813472846,7,1.7812995475884337,58.8349827505537,7.407216844512267,0.6834399604988465,7.6134280127665965,1195.7412140771332,3.2666666666666675,0.4093082224413585,0.08976770508013189
4,35.81,1.25,28.648000000000003,1,0.0,0.0,39.946055,18.334301946026105,14.71235234664604,8,1.4589765358813556,47.77498574896599,7.511112570433719,0.6476299604988464,7.52939706116011,1195.7412140771332,1.1666666666666667,0.427378407680438,0.08601352209722106
4,35.81,1.25,28.648000000000003,1,3.5810000000000004,0.1,39.995472799999995,18.393233747043706,14.722602181167192,8,1.4598828932219476,47.82781088507646,7.511112570433719,0.659566627165513,7.541333727826777,1195.7412140771332,2.4326767676767678,0.427378407680438,0.08746020942313922
4,35.81,1.25,28.648000000000003,1,7.162000000000001,0.2,40.0448906,18.4521655480613,14.73283030826242,8,1.4607870135637555,47.880636021186945,7.511112570433719,0.6715032938321798,7.553270394493443,1195.7412140771332,3.2666666666666675,0.427378407680438,0.08890232425966446
4,35.81,1.25,28.648000000000003,1,10.743,0.3,40.094308399999996,18.511097349078902,14.74303679381974,8,1.4616889051783446,47.933461157297415,7.511112570433719,0.6834399604988465,7.56520706116011,1195.7412140771332,3.2666666666666675,0.427378407680438,0.09033988825073114
4,35.81,1.25,57.29600000000001,2,0.0,0.0,46.94691,10.194680555958776,12.311426032184263,9,1.2171533878578755,56.485125072560926,7.51215891835337,0.6476299604988464,7.37832673155182,1195.7412140771332,1.1666666666666667,0.4392924509693964,0.08777463835118561
4,35.81,1.25,57.29600000000001,2,3.5810000000000004,0.1,46.996327799999996,10.253612356976374,12.322645412433868,9,1.218179011786031,56.537950208671404,7.51215891835337,0.659566627165513,7.390263398218487,1195.7412140771332,2.4326767676767678,0.4392924509693964,0.08924805404425905
4,35.81,1.25,57.29600000000001,2,7.162000000000001,0.2,47.045745600000004,10.312544157993969,12.333843994606692,9,1.2192024810420683,56.59077534478188,7.51215891835337,0.6715032938321798,7.402200064885154,1195.7412140771332,3.2666666666666675,0.4392924509693964,0.09071671772527243
4,35.81,1.25,57.29600000000001,2,10.743,0.3,47.0951634,10.371475959011569,12.345021834464262,9,1.2202238024087961,56.64360048089235,7.51215891835337,0.6834399604988465,7.41413673155182,1195.7412140771332,3.2666666666666675,0.4392924509693964,0.09218065234626428
4,35.81,1.25,85.94400000000002,3,0.0,0.0,53.947765,2.0550591658914477,10.41930754423657,10,1.038093499626749,65.19526439615588,7.513205266273018,0.6476299604988464,7.22725640194353,1195.7412140771332,1.1666666666666667,0.447412497228275,0.08960937933856725
4,35.81,1.25,85.94400000000002,3,3.5810000000000004,0.1,53.9971828,2.113990966909047,10.430968213322913,10,1.0391500233399036,65.24808953226635,7.513205266273018,0.659566627165513,7.239193068610196,1195.7412140771332,2.4326767676767678,0.447412497228275,0.09111051755553451
4,35.81,1.25,85.94400000000002,3,7.162000000000001,0.2,54.046600600000005,2.1729227679266394,10.442609234312872,10,1.040204614976777,65.30091466837682,7.513205266273018,0.6715032938321798,7.251129735276862,1195.7412140771332,3.2666666666666675,0.447412497228275,0.09260671348428721
4,35.81,1.25,85.94400000000002,3,10.743,0.3,54.0960184,2.231854568944242,10.454230656305914,10,1.0412572798323405,65.35373980448729,7.513205266273018,0.6834399604988465,7.26306640194353,1195.7412140771332,3.2666666666666675,0.447412497228275,0.09409799149240385
4,35.81,1.25,114.59200000000001,4,0.0,0.0,60.94862,-6.08456222417588,8.866246071576676,12,0.900168991124395,73.90540371975081,7.514251614192668,0.6476299604988464,7.07618607233524,1195.7412140771332,1.1666666666666667,0.453105349714409,0.09152246052867283
4,35.81,1.25,114.59200000000001,4,3.5810000000000004,0.1,60.9980378,-6.0256304231582805,8.878110087931782,12,0.9012159957847319,73.95822885586128,7.514251614192668,0.659566627165513,7.088122739001907,1195.7412140771332,2.4326767676767678,0.453105349714409,0.09305237105112375
4,35.81,1.25,114.59200000000001,4,7.162000000000001,0.2,61.0474556,-5.966698622140687,8.889955425088797,12,0.9022613053484789,74.01105399197178,7.514251614192668,0.6715032938321798,7.100059405668573,1195.7412140771332,3.2666666666666675,0.453105349714409,0.09457713738226786
4,35.81,1.25,114.59200000000001,4,10.743,0.3,61.0968734,-5.907766821123085,8.90178212820297,12,0.9033049239288391,74.06387912808225,7.514251614192668,0.6834399604988465,7.11199607233524,1195.7412140771332,3.2666666666666675,0.453105349714409,0.09609678542390385
4,42.97200000000001,1.5,0.0,0,0.0,0.0,39.534240000000004,30.30453656759702,17.59917677913282,7,1.7665389942388425,70.31672356566791,8.8471081365375,0.7520540100096076,9.026487595853688,1214.721233348199,1.1666666666666667,0.4255203684436985,0.08331635113031818
4,42.97200000000001,1.5,0.0,0,4.297200000000001,0.1,39.59354136000001,30.375254728818135,17.607641660952993,7,1.7671770113371372,70.41180881066677,8.8471081365375,0.7663780100096075,9.040811595853688,1214.721233348199,2.6858787878787886,0.4255203684436985,0.0847687181492738
4,42.97200000000001,1.5,0.0,0,8.594400000000002,0.2,39.65284272000001,30.445972890039254,17.616084973124774,7,1.767813120109116,70.50689405566563,8.8471081365375,0.7807020100096075,9.055135595853688,1214.721233348199,3.2666666666666675,0.4255203684436985,0.08621649027178432
4,42.97200000000001,1.5,0.0,0,12.891600000000002,0.3,39.712144080000016,30.516691051260366,17.624506795138238,7,1.7684473291037768,70.6019793006645,8.8471081365375,0.7950260100096075,9.069459595853688,1214.721233348199,3.2666666666666675,0.4255203684436985,0.08765968926892534
4,42.97200000000001,1.5,28.648000000000003,1,0.0,0.0,46.535095000000005,22.959733747117006,15.043453990150462,8,1.4933853416892562,55.58795503404022,8.951003862458952,0.7520540100096076,8.978266644247201,1214.721233348199,1.1666666666666667,0.43804701855649714,0.08376383101647845
4,42.97200000000001,1.5,28.648000000000003,1,4.297200000000001,0.1,46.594396360000005,23.030451908338126,15.053615155982259,8,1.4942751426673515,55.65134519737279,8.951003862458952,0.7663780100096075,8.992590644247201,1214.721233348199,2.6858787878787886,0.43804701855649714,0.0852232732844211
4,42.97200000000001,1.5,28.648000000000003,1,8.594400000000002,0.2,46.653697720000004,23.10117006955924,15.063754199645956,8,1.495162681599319,55.71473536070536,8.951003862458952,0.7807020100096075,9.0069146442472,1214.721233348199,3.2666666666666675,0.43804701855649714,0.08667807355188484
4,42.97200000000001,1.5,28.648000000000003,1,12.891600000000002,0.3,46.71299908000001,23.17188823078035,15.073871190185661,8,1.4960479671000464,55.77812552403795,8.951003862458952,0.7950260100096075,9.0212386442472,1214.721233348199,3.2666666666666675,0.43804701855649714,0.08812825393069407
4,42.97200000000001,1.5,57.29600000000001,2,0.0,0.0,53.53595000000001,14.979076070967146,12.948052413400845,9,1.2797947187070957,60.27946346028297,8.972620085978962,0.7520540100096076,8.847766190239273,1214.721233348199,1.1666666666666667,0.44655175903661876,0.08499930873391101
4,42.97200000000001,1.5,57.29600000000001,2,4.297200000000001,0.1,53.595251360000006,15.049794232188262,12.959137269243032,9,1.2808046207507937,60.338891738407256,8.972620085978962,0.7663780100096075,8.862090190239273,1214.721233348199,2.6858787878787886,0.44655175903661876,0.08647824537530639
4,42.97200000000001,1.5,57.29600000000001,2,8.594400000000002,0.2,53.654552720000005,15.120512393409381,12.970200716306609,9,1.2818122904186122,60.39832001653154,8.972620085978962,0.7807020100096075,8.876414190239274,1214.721233348199,3.2666666666666675,0.44655175903661876,0.08795240885312529
4,42.97200000000001,1.5,57.29600000000001,2,12.891600000000002,0.3,53.71385408000001,15.19123055463049,12.981242814122373,9,1.2828177351043377,60.457748294655836,8.972620085978962,0.7950260100096075,8.890738190239272,1214.721233348199,3.2666666666666675,0.44655175903661876,0.08942182223771133
4,42.97200000000001,1.5,85.94400000000002,3,0.0,0.0,60.536805000000015,6.839454680899808,11.225322652741996,10,1.1129801065797875,68.44521907615324,8.973666433898613,0.7520540100096076,8.696695860630982,1214.721233348199,1.1666666666666667,0.4524946620273012,0.08647583197822016
4,42.97200000000001,1.5,85.94400000000002,3,4.297200000000001,0.1,60.596106360000014,6.9101728421209225,11.236901571295281,10,1.1140365818402216,68.50464735427752,8.973666433898613,0.7663780100096075,8.711019860630982,1214.721233348199,2.6858787878787886,0.4524946620273012,0.08797798906109887
4,42.97200000000001,1.5,85.94400000000002,3,8.594400000000002,0.2,60.655407720000014,6.980891003342041,11.248460062968938,10,1.1150909913188207,68.56407563240181,8.973666433898613,0.7807020100096075,8.725343860630982,1214.721233348199,3.2666666666666675,0.4524946620273012,0.08947521409811238
4,42.97200000000001,1.5,85.94400000000002,3,12.891600000000002,0.3,60.71470908000002,7.051609164563151,11.259998180521889,10,1.116143341068664,68.62350391052611,8.973666433898613,0.7950260100096075,8.739667860630982,1214.721233348199,3.2666666666666675,0.4524946620273012,0.09096753133959586
4,42.97200000000001,1.5,114.59200000000001,4,0.0,0.0,67.53766000000002,-1.300166709167522,9.785455236298779,11,0.9807490116008235,76.6109746920235,8.974712781818264,0.7520540100096076,8.545625531022692,1214.721233348199,1.1666666666666667,0.4567517276766507,0.08800455944149076
4,42.97200000000001,1.5,114.59200000000001,4,4.297200000000001,0.1,67.59696136000001,-1.2294485479464028,9.79729194366911,11,0.9818120737499021,76.67040297014779,8.974712781818264,0.7663780100096075,8.559949531022692,1214.721233348199,2.6858787878787886,0.4567517276766507,0.08953066922090197
4,42.97200000000001,1.5,114.59200000000001,4,8.594400000000002,0.2,67.65626272000002,-1.1587303867252852,9.809109147717729,11,0.982873272330741,76.72983124827208,8.974712781818264,0.7807020100096075,8.574273531022692,1214.721233348199,3.2666666666666675,0.4567517276766507,0.091051680026878
4,42.97200000000001,1.5,114.59200000000001,4,12.891600000000002,0.3,67.71556408000001,-1.0880122255041693,9.820906896710646,11,0.9839326122393549,76.78925952639636,8.974712781818264,0.7950260100096075,8.588597531022693,1214.721233348199,3.2666666666666675,0.4567517276766507,0.09256761737151041
4,50.13400000000001,1.75,0.0,0,0.0,0.0,46.12328000000001,34.92996836868792,17.51500375342134,7,1.7573175274761013,82.03617749327923,10.286999428562734,0.8564780595203686,10.475357178940781,1214.721233348199,1.1666666666666667,0.43674004497176105,0.08176122731568487
4,50.13400000000001,1.75,0.0,0,5.013400000000001,0.1,46.19246492,35.01247289011256,17.523581577157962,7,1.7579693560573162,82.14711027911122,10.286999428562734,0.8731893928537018,10.492068512274114,1214.721233348199,2.939080808080809,0.43674004497176105,0.08322376010337751
4,50.13400000000001,1.75,0.0,0,10.026800000000001,0.2,46.26164984000001,35.094977411537194,17.532137543791258,7,1.7586192350016971,82.25804306494322,10.286999428562734,0.8899007261870351,10.508779845607446,1214.721233348199,3.2666666666666675,0.43674004497176105,0.08468164137618733
4,50.13400000000001,1.75,0.0,0,15.040200000000002,0.3,46.33083476,35.17748193296184,17.540671733835786,7,1.759267173043308,82.36897585077521,10.286999428562734,0.9066120595203686,10.525491178940781,1214.721233348199,3.2666666666666675,0.43674004497176105,0.08613489328975946
4,50.13400000000001,1.75,28.648000000000003,1,0.0,0.0,53.12413500000001,27.585165548207907,15.290957187567141,8,1.5192586297773678,63.400924319114424,10.390895154484186,0.8564780595203686,10.427136227334293,1214.721233348199,1.1666666666666667,0.44565170357804207,0.08213933728756204
4,50.13400000000001,1.75,28.648000000000003,1,5.013400000000001,0.1,53.19331992,27.667670069632553,15.301040569072406,8,1.5201342971494034,63.47487950966909,10.390895154484186,0.8731893928537018,10.443847560667626,1214.721233348199,2.939080808080809,0.44565170357804207,0.08360801780966276
4,50.13400000000001,1.75,28.648000000000003,1,10.026800000000001,0.2,53.26250484000001,27.75017459105718,15.311101544376598,8,1.5210076896386757,63.548834700223765,10.390895154484186,0.8899007261870351,10.46055889400096,1214.721233348199,3.2666666666666675,0.44565170357804207,0.0850720057316809
4,50.13400000000001,1.75,28.648000000000003,1,15.040200000000002,0.3,53.33168976,27.83267911248182,15.32114018488028,8,1.5218788160985097,63.62278989077842,10.390895154484186,0.9066120595203686,10.477270227334293,1214.721233348199,3.2666666666666675,0.44565170357804207,0.08653132350782516
4,50.13400000000001,1.75,57.29600000000001,2,0.0,0.0,60.124990000000004,19.76347158597551,13.437586590973478,8,1.328706442794843,63.627409096508266,10.433081253604556,0.8564780595203686,10.317205648926723,1214.721233348199,1.1666666666666667,0.4518580393640049,0.08301453791506677
4,50.13400000000001,1.75,57.29600000000001,2,5.013400000000001,0.1,60.19417492,19.84597610740015,13.448539371650364,8,1.329699279602654,63.692663676409445,10.433081253604556,0.8731893928537018,10.333916982260057,1214.721233348199,2.939080808080809,0.4518580393640049,0.08449742671173781
4,50.13400000000001,1.75,57.29600000000001,2,10.026800000000001,0.2,60.263359840000014,19.92848062882478,13.459470316494023,8,1.3306898367720477,63.757918256310624,10.433081253604556,0.8899007261870351,10.35062831559339,1214.721233348199,3.2666666666666675,0.4518580393640049,0.08597552719059434
4,50.13400000000001,1.75,57.29600000000001,2,15.040200000000002,0.3,60.332544760000005,20.010985150249418,13.470379488034212,8,1.3316781221453888,63.8231728362118,10.433081253604556,0.9066120595203686,10.367339648926723,1214.721233348199,3.2666666666666675,0.4518580393640049,0.08744886250680765
4,50.13400000000001,1.75,85.94400000000002,3,0.0,0.0,67.12584500000001,11.623850195908174,11.857500138537537,9,1.1731650483641312,71.31282614673911,10.434127601524207,0.8564780595203686,10.166135319318432,1214.721233348199,1.1666666666666667,0.4562908860268659,0.08424814667701958
4,50.13400000000001,1.75,85.94400000000002,3,5.013400000000001,0.1,67.19502992000001,11.706354717332808,11.868978291488979,9,1.1742145919314266,71.37808072664028,10.434127601524207,0.8731893928537018,10.182846652651767,1214.721233348199,2.939080808080809,0.4562908860268659,0.0857510107575184
4,50.13400000000001,1.75,85.94400000000002,3,10.026800000000001,0.2,67.26421484000002,11.788859238757443,11.880435430196913,9,1.1752619764729189,71.44333530654147,10.434127601524207,0.8899007261870351,10.199557985985098,1214.721233348199,3.2666666666666675,0.4562908860268659,0.08724895014174346
4,50.13400000000001,1.75,85.94400000000002,3,15.040200000000002,0.3,67.33339976000002,11.87136376018208,11.89187161055259,9,1.1763072086437907,71.50858988644264,10.434127601524207,0.9066120595203686,10.216269319318432,1214.721233348199,3.2666666666666675,0.4562908860268659,0.0887419889965129
4,50.13400000000001,1.75,114.59200000000001,4,0.0,0.0,74.12670000000001,3.4842288058408424,10.516488137844588,10,1.047003695103665,78.99824319696994,10.435173949443854,0.8564780595203686,10.015064989710142,1214.721233348199,1.1666666666666667,0.4595273102238705,0.08551897170915482
4,50.13400000000001,1.75,114.59200000000001,4,5.013400000000001,0.1,74.19588492000001,3.5667333272654815,10.528265445626321,10,1.04807184833918,79.06349777687112,10.435173949443854,0.8731893928537018,10.031776323043477,1214.721233348199,2.939080808080809,0.4595273102238705,0.08704235069993971
4,50.13400000000001,1.75,114.59200000000001,4,10.026800000000001,0.2,74.26506984000002,3.649237848690114,10.540022587484167,10,1.0491380114036408,79.1287523567723,10.435173949443854,0.8899007261870351,10.04848765637681,1214.721233348199,3.2666666666666675,0.4595273102238705,0.08856066272045432
4,50.13400000000001,1.75,114.59200000000001,4,15.040200000000002,0.3,74.33425476000002,3.731742370114749,10.551759614541862,10,1.050202189853968,79.19400693667347,10.435173949443854,0.9066120595203686,10.065198989710144,1214.721233348199,3.2666666666666675,0.4595273102238705,0.09007393300889695
4,57.29600000000001,2.0,0.0,0,0.0,0.0,52.712320000000005,39.55540016977884,17.451801232697356,7,1.750401427404046,93.75563142089051,11.726890720587969,0.9609021090311296,11.924226762027871,1214.721233348199,1.1666666666666667,0.44471014274212617,0.08058401841963257
4,57.29600000000001,2.0,0.0,0,5.729600000000001,0.1,52.79138848000001,39.64969105140699,17.460463951620874,7,1.7510636145974499,93.88241174755566,11.726890720587969,0.9800007756977964,11.94332542869454,1214.721233348199,3.1922828282828295,0.44471014274212617,0.08205426382699806
4,57.29600000000001,2.0,0.0,0,11.459200000000003,0.2,52.870456960000006,39.74398193303515,17.469104597166833,7,1.7517238211711335,94.0091920742208,11.726890720587969,0.9990994423644631,11.962424095361206,1214.721233348199,3.2666666666666675,0.44471014274212617,0.08351981457937897
4,57.29600000000001,2.0,0.0,0,17.1888,0.3,52.94952544000001,39.838272814663306,17.477723250621093,7,1.7523820559979564,94.13597240088596,11.726890720587969,1.0181981090311296,11.98152276202787,1214.721233348199,3.2666666666666675,0.44471014274212617,0.08498069312675575
4,57.29600000000001,2.0,28.648000000000003,1,0.0,0.0,59.71317500000001,32.21059734929883,15.483005828494667,8,1.5394219508391376,71.21389360418863,11.830786446509421,0.9609021090311296,11.876005810421383,1214.721233348199,1.1666666666666667,0.4511941407008794,0.08091121917336237
4,57.29600000000001,2.0,28.648000000000003,1,5.729600000000001,0.1,59.79224348000001,32.30488823092698,15.493021977600044,8,1.5402856014548558,71.2984138219654,11.830786446509421,0.9800007756977964,11.89510447708805,1214.721233348199,3.1922828282828295,0.4511941407008794,0.08238689938246788
4,57.29600000000001,2.0,28.648000000000003,1,11.459200000000003,0.2,59.87131196000001,32.39917911255514,15.503015516703647,7,1.5411469709265935,71.38293403974215,11.830786446509421,0.9990994423644631,11.914203143754715,1214.721233348199,3.2666666666666675,0.4511941407008794,0.0838578485115204
4,57.29600000000001,2.0,28.648000000000003,1,17.1888,0.3,59.95038044000001,32.49346999418329,15.512986519026327,7,1.5420060682801444,71.46745425751892,11.830786446509421,1.0181981090311296,11.933301810421383,1214.721233348199,3.2666666666666675,0.4511941407008794,0.08532408927610752
4,57.29600000000001,2.0,57.29600000000001,2,0.0,0.0,66.71403000000001,24.547867100983893,13.826051939633558,8,1.3679565917541467,66.60336077315297,11.893542421230153,0.9609021090311296,11.786645107614177,1214.721233348199,1.1666666666666667,0.4558116068843073,0.08152464931775935
4,57.29600000000001,2.0,57.29600000000001,2,5.729600000000001,0.1,66.79309848000001,24.642157982612044,13.836881376362928,8,1.368932697290435,66.67379428796694,11.893542421230153,0.9800007756977964,11.805743774280844,1214.721233348199,3.1922828282828295,0.4558116068843073,0.0830105069561781
4,57.29600000000001,2.0,57.29600000000001,2,11.459200000000003,0.2,66.87216696,24.736448864240202,13.84768867067262,8,1.3699064945665131,66.74422780278091,11.893542421230153,0.9990994423644631,11.824842440947508,1214.721233348199,3.2666666666666675,0.4558116068843073,0.08449156488586639
4,57.29600000000001,2.0,57.29600000000001,2,17.1888,0.3,66.95123544000002,24.83073974586836,13.85847388751393,8,1.3708779917604512,66.81466131759488,11.893542421230153,1.0181981090311296,11.843941107614176,1214.721233348199,3.2666666666666675,0.4558116068843073,0.08596784632579398
4,57.29600000000001,2.0,85.94400000000002,3,0.0,0.0,73.71488500000001,16.40824571091656,12.367470723528978,9,1.2225906709468048,73.8618102094821,11.894588769149802,0.9609021090311296,11.635574778005887,1214.721233348199,1.1666666666666667,0.4591741147647917,0.08258312351251201
4,57.29600000000001,2.0,85.94400000000002,3,5.729600000000001,0.1,73.79395348000001,16.50253659254471,12.37884220280838,9,1.2236299292057484,73.93224372429607,11.894588769149802,0.9800007756977964,11.654673444672554,1214.721233348199,3.1922828282828295,0.4591741147647917,0.08408650661471452
4,57.29600000000001,2.0,85.94400000000002,3,11.459200000000003,0.2,73.87302196,16.59682747417288,12.390192218744343,9,1.224666962766997,74.00267723911003,11.894588769149802,0.9990994423644631,11.673772111339218,1214.721233348199,3.2666666666666675,0.4591741147647917,0.08558497055069256
4,57.29600000000001,2.0,85.94400000000002,3,17.1888,0.3,73.95209044,16.691118355801034,12.401520829905417,9,1.225701778766391,74.073110753924,11.894588769149802,1.0181981090311296,11.692870778005886,1214.721233348199,3.2666666666666675,0.4591741147647917,0.08707853942475316
4,57.29600000000001,2.0,114.59200000000001,4,0.0,0.0,80.71574000000001,8.26862432084923,11.113352188806488,10,1.1024412874223692,81.12025964581122,11.895635117069451,0.9609021090311296,11.484504448397596,1214.721233348199,1.1666666666666667,0.4616711337493161,0.08366944462851438
4,57.29600000000001,2.0,114.59200000000001,4,5.729600000000001,0.1,80.79480848000001,8.362915202477382,11.125053136175902,10,1.1035080763208633,81.1906931606252,11.895635117069451,0.9800007756977964,11.503603115064264,1214.721233348199,3.1922828282828295,0.4616711337493161,0.08519076726616726
4,57.29600000000001,2.0,114.59200000000001,4,11.459200000000003,0.2,80.87387696000002,8.457206084105533,11.136733383465732,10,1.1045727792707212,81.26112667543916,11.895635117069451,0.9990994423644631,11.522701781730927,1214.721233348199,3.2666666666666675,0.4616711337493161,0.08670704677513397
4,57.29600000000001,2.0,114.59200000000001,4,17.1888,0.3,80.95294544000001,8.5514969657337,11.148392984378573,10,1.105635402384115,81.33156019025311,11.895635117069451,1.0181981090311296,11.541800448397595,1214.721233348199,3.2666666666666675,0.4616711337493161,0.08821830819059873
